{
  "cover": "C:\\Study\\Крипта\\Hybrid\\imgs\\original\\gradient.png",
  "stego": "C:\\Study\\Крипта\\Hybrid\\results\\gradient_stego_hybrid.png",
  "psnr": 74.1471644344391,
  "ssim": 0.9999583975823837,
  "chi2": {
    "channels": {
      "R": {
        "chi2_total": 279.14166666666665,
        "df": 127,
        "p_value": 1.957323192414151e-13
      },
      "G": {
        "chi2_total": 276.18658854166665,
        "df": 127,
        "p_value": 4.447553436648377e-13
      },
      "B": {
        "chi2_total": 110.30175123002081,
        "df": 127,
        "p_value": 0.8543370635924324
      }
    },
    "overall": {
      "chi2_total": 221.87666881278471,
      "df": 127,
      "p_value": 3.893759410455999e-07
    }
  },
  "entropy": {
    "entropy_original": [
      7.998525610347337,
      7.998525610347337,
      7.718236802378185
    ],
    "entropy_processed": [
      7.998508706608733,
      7.998516964303263,
      7.718235413142451
    ]
  }
}