{
  "cover": "C:\\Study\\Крипта\\Hybrid\\imgs\\original\\squirrel.png",
  "stego": "C:\\Study\\Крипта\\Hybrid\\results\\squirrel_stego_simple.png",
  "psnr": 74.20045276948979,
  "ssim": 0.9999954156164054,
  "chi2": {
    "channels": {
      "R": {
        "chi2_total": 364.6653747414414,
        "df": 127,
        "p_value": 0.0
      },
      "G": {
        "chi2_total": 200.04433971240513,
        "df": 127,
        "p_value": 3.795302136688772e-05
      },
      "B": {
        "chi2_total": 3643.693727709691,
        "df": 125,
        "p_value": 0.0
      }
    },
    "overall": {
      "chi2_total": 1402.8011473878457,
      "df": 126,
      "p_value": 0.0
    }
  },
  "entropy": {
    "entropy_original": [
      7.082792273669348,
      6.97849677187285,
      6.569994613649971
    ],
    "entropy_processed": [
      7.082809397387031,
      6.978497739085642,
      6.570140404218983
    ]
  }
}