{
  "cover": "C:\\Study\\Крипта\\Hybrid\\imgs\\original\\squirrel.png",
  "stego": "C:\\Study\\Крипта\\Hybrid\\results\\squirrel_stego_hybrid.png",
  "psnr": 74.2340930989535,
  "ssim": 0.9999917819832113,
  "chi2": {
    "channels": {
      "R": {
        "chi2_total": 364.7009701695034,
        "df": 127,
        "p_value": 0.0
      },
      "G": {
        "chi2_total": 202.8431978510169,
        "df": 127,
        "p_value": 2.1868862500662445e-05
      },
      "B": {
        "chi2_total": 3658.5095499893237,
        "df": 125,
        "p_value": 0.0
      }
    },
    "overall": {
      "chi2_total": 1408.6845726699478,
      "df": 126,
      "p_value": 0.0
    }
  },
  "entropy": {
    "entropy_original": [
      7.082792273669348,
      6.97849677187285,
      6.569994613649971
    ],
    "entropy_processed": [
      7.082811344922945,
      6.978490013088159,
      6.570097482015949
    ]
  }
}